Age,Annual_Income,Employment_Years,Credit_Score,Loan_Amount,Loan_Term_Months,Late_Payments,Defaulted
57,88432,8,621,80293,12,5,1
61,52822,17,653,52605,24,1,0
21,100000,0,571,87369,36,2,1
28,70655,16,667,36538,24,1,1
45,100000,1,548,77128,24,4,1
58,100000,3,539,67735,24,2,1
51,79092,12,609,34138,24,0,0
44,77115,9,553,90991,36,4,1
32,63759,12,650,62865,36,0,0
45,73401,1,618,44524,36,4,1
53,64322,14,741,62509,36,0,0
41,81129,5,650,98460,12,2,1
32,97978,7,462,89400,12,6,1
27,74770,12,715,61188,12,0,1
47,79193,14,802,47031,24,0,0
54,70636,7,716,49612,12,0,0
50,56830,12,781,60555,12,0,0
54,97607,5,676,50999,12,2,0
34,84880,9,522,30836,36,7,0
39,80037,2,586,101729,36,7,1
29,54635,15,661,61312,24,1,0
47,94595,3,650,66070,36,3,1
20,100000,9,549,69960,24,5,1
30,99898,5,557,76960,36,3,1
22,100000,8,628,52610,12,6,1
57,73336,10,795,39501,24,1,0
48,79324,7,590,66401,12,4,1
36,59368,10,721,46574,12,2,0
27,68769,9,710,57215,24,0,0
39,63448,5,705,51610,12,1,0
35,71691,8,659,47703,36,1,0
51,77284,10,703,44449,36,0,1
45,62831,11,696,63891,36,0,0
49,55790,19,747,53874,12,1,0
47,83831,7,563,56221,24,2,0
41,72682,9,676,61154,12,0,0
52,100000,8,545,88670,24,2,1
21,89500,6,590,88370,36,4,1
44,93827,2,492,61552,24,3,1
53,55061,18,742,30372,24,0,1
56,79113,15,733,35423,24,2,0
49,100000,1,596,68693,12,6,0
49,76835,8,766,25921,12,1,0
40,47230,13,715,42563,36,0,1
35,100000,0,569,96459,12,3,1
55,48343,6,767,66490,24,2,0
45,71667,19,648,32639,36,0,0
25,76717,12,687,46872,24,2,1
40,71432,18,714,48217,12,2,0
45,81568,8,492,57910,24,5,1
36,93814,3,611,59746,24,4,1
62,69969,12,688,52265,24,0,0
58,100000,4,606,71131,24,4,1
31,61939,7,746,38324,12,0,0
64,61825,8,600,39032,36,2,1
43,86566,7,599,58336,36,2,0
29,100000,8,605,89694,36,2,1
46,100000,5,592,67701,12,6,1
48,100000,3,612,62736,36,4,1
54,77420,12,664,39825,24,2,0
41,100000,6,621,81909,36,2,0
47,64492,15,693,31859,12,1,1
25,100000,1,608,88674,24,3,1
51,85302,6,615,70645,12,6,1
53,100000,7,548,79042,36,2,1
39,86136,4,600,76514,24,6,0
49,79403,14,685,59065,12,2,1
31,97735,4,627,93013,24,7,1
38,76227,11,707,44330,36,0,1
36,88842,6,530,65553,24,5,1
26,99001,8,611,98932,12,2,1
25,68280,13,708,47309,12,1,1
50,100000,8,615,106690,24,5,0
54,89994,5,650,74644,36,3,1
25,77940,17,698,67609,24,1,0
33,65156,17,632,65816,24,2,0
48,98140,6,616,72949,36,4,1
37,79761,9,799,68670,12,0,0
41,81834,16,640,55285,24,2,0
37,100000,7,613,88014,24,3,1
45,51193,19,773,71823,12,0,1
27,72050,19,734,63129,24,1,1
23,99017,3,586,90954,36,4,1
31,100000,5,633,73890,12,3,1
57,100000,4,632,43336,12,6,1
25,100000,3,650,59407,24,4,1
52,100000,3,565,112437,12,6,1
56,85840,19,676,47555,24,2,0
58,63704,17,722,39414,24,1,0
37,100000,4,644,60384,24,3,1
54,88214,5,604,68052,36,6,1
46,100000,9,561,75988,12,7,0
44,53945,11,603,62559,36,0,0
61,71897,9,600,54111,12,2,0
35,89055,7,650,64503,24,5,1
46,93898,7,564,103792,12,4,1
34,63710,9,683,46349,36,1,0
26,95447,5,499,79858,24,2,0
37,84882,4,596,76038,24,4,1
41,90541,6,641,95829,24,6,1
57,63616,6,755,56811,36,0,0
29,76501,8,645,35884,36,2,0
51,74393,18,662,61162,12,1,1
41,100000,6,566,82286,24,3,0
27,81941,5,821,49886,24,1,0
54,77978,18,638,54543,12,1,0
26,86722,5,691,49384,36,1,0
42,63953,7,671,30126,24,0,0
37,60622,11,667,57559,24,1,0
60,82691,14,717,59984,36,0,1
47,82059,9,694,48720,24,0,1
36,86007,9,643,79404,24,3,1
41,81256,3,530,103903,24,4,1
36,100000,8,514,82928,12,3,1
46,65062,6,675,45583,12,0,0
64,73719,8,617,36260,36,1,0
55,100000,6,564,38930,24,3,0
44,76108,9,679,49582,24,2,0
39,78907,13,705,30086,36,1,1
45,92594,1,523,92737,36,4,1
31,100000,8,643,72191,12,7,1
22,88549,1,650,51820,36,4,0
59,100000,4,580,75469,36,6,1
43,59344,17,773,50467,12,0,0
61,84985,16,777,38232,12,0,0
31,100000,3,572,93243,24,2,1
45,68365,12,618,42285,12,2,0
36,85637,12,708,36170,36,0,0
35,87404,2,549,75185,12,3,1
54,55274,16,659,25076,12,0,1
28,90099,7,581,57454,12,3,0
23,100000,0,525,121208,36,5,1
58,73803,16,658,50535,36,2,0
33,79481,16,699,45141,36,1,0
50,68740,7,686,24196,12,1,0
42,92391,0,619,85375,36,7,1
53,70404,1,623,60911,24,6,1
53,100000,4,603,49500,36,4,1
35,85681,7,494,102358,24,7,0
31,86854,7,650,108672,36,4,1
35,75213,7,650,68977,24,4,1
57,77519,8,794,38098,12,1,0
47,100000,9,633,66573,12,6,0
47,75391,6,744,48412,36,1,0
57,100000,2,453,53684,36,4,0
51,79795,14,717,55174,12,2,0
41,71104,8,794,47805,36,1,0
38,88176,7,613,63820,24,4,1
61,66684,7,675,52899,36,0,0
39,64386,14,764,58045,36,0,0
45,100000,2,560,63496,36,5,0
34,63073,17,704,56172,24,1,0
42,71635,10,743,64866,36,1,0
32,100000,1,631,55459,36,5,1
27,79768,13,700,60873,36,1,0
37,68816,18,655,46121,36,1,0
27,71794,8,766,50612,12,2,0
38,83904,8,648,57541,24,7,1
25,77962,11,732,55337,24,2,0
26,93001,5,650,60630,12,3,0
58,57618,15,688,58586,12,1,0
62,73023,19,735,52085,24,2,0
59,67776,19,666,41652,36,2,0
22,100000,3,557,82558,12,5,1
41,99454,7,650,100901,12,2,1
53,97387,0,536,84366,12,6,1
34,66052,9,635,66777,24,6,1
43,100000,2,650,79637,12,4,1
56,75678,19,784,45808,24,2,0
49,99519,8,606,77757,36,4,1
25,95695,7,641,60271,12,2,1
39,78131,14,732,51077,36,1,0
37,100000,8,611,70594,36,2,1
59,96364,5,589,82429,24,2,0
47,62403,6,751,49879,24,0,0
31,89271,6,561,20000,24,6,1
63,45682,10,646,55394,24,0,0
35,94560,4,558,86706,12,5,1
35,86389,6,658,41558,12,2,0
46,100000,1,585,71997,24,7,1
56,81031,5,573,64987,12,7,1
49,67242,16,717,54180,36,0,0
40,96500,3,533,95273,24,3,1
49,100000,6,592,75663,12,2,1
46,72457,8,689,42613,12,2,0
30,76575,10,633,47597,12,1,0
45,100000,3,585,49666,24,6,1
43,100000,5,562,69074,24,3,1
21,95809,5,643,78475,24,5,1
51,100000,3,650,87768,24,4,0
52,64322,16,731,51530,12,1,0
41,75446,10,683,56795,36,1,0
53,100000,0,560,59623,24,4,1
36,70543,11,737,49289,12,1,0
41,59993,15,731,50204,24,1,0
60,89510,13,694,43953,36,1,0
20,49786,3,542,81445,24,3,0
60,72439,9,740,56575,36,0,0
51,65498,14,767,41795,36,0,0
47,83347,8,650,65893,36,3,1
34,100000,8,556,102658,24,4,1
31,66357,8,706,39693,24,2,0
26,66175,8,779,33373,36,1,0
40,56687,17,759,51155,24,0,0
60,74822,16,651,52002,24,2,1
43,68959,6,733,57965,36,0,0
34,83691,5,494,76258,24,3,1
33,100000,5,627,101429,36,2,1
58,86761,4,609,96582,12,2,1
36,73129,17,752,42917,24,1,0
48,78193,7,640,93388,12,4,0
55,48256,9,683,46344,12,0,0
28,73431,13,722,48203,12,2,0
35,79022,18,703,48389,24,1,0
29,54022,16,700,61151,36,1,0
30,87092,6,483,80806,24,4,0
57,75922,8,611,85386,36,6,1
57,72964,13,702,52764,12,0,0
55,81312,14,723,43524,36,0,1
46,100000,1,590,73964,36,2,1
27,86797,17,711,60330,24,2,1
35,71754,6,812,43428,36,1,0
42,61044,5,630,66643,12,1,0
26,100000,8,588,109328,36,3,1
40,100000,3,567,79342,12,3,1
39,100000,3,579,126982,36,4,1
59,47151,12,753,44986,12,2,0
47,69357,18,794,59582,24,1,0
54,100000,4,562,108112,12,2,1
46,86856,17,703,49850,12,0,1
38,98177,9,543,73297,24,4,1
52,54086,9,656,58811,12,0,0
28,51759,8,508,70320,12,4,1
22,100000,1,597,116623,12,2,1
56,83726,1,577,99107,36,3,1
26,68383,9,672,69887,36,0,0
51,100000,3,550,69846,24,3,1
59,63225,5,733,39930,24,1,0
30,82171,3,554,78969,12,4,1
43,86243,16,713,60644,12,2,0
50,59406,5,716,62588,12,1,0
58,69054,1,549,44480,12,4,1
25,80635,13,720,57477,24,0,0
49,80902,13,649,36472,12,2,0
58,100000,1,544,57862,24,2,1
50,71267,17,677,58573,36,2,0
35,75124,15,656,47794,24,2,0
21,78678,9,529,81999,12,4,1
45,61386,10,600,54507,12,0,0
23,93026,3,555,95471,12,7,1
33,99890,4,492,76529,36,2,1
47,63752,12,655,51864,12,1,0
51,93540,8,584,93425,12,6,0
61,93077,18,751,39986,24,1,0
36,89578,1,511,73770,24,4,1
48,87415,4,590,119649,36,4,0
45,61710,15,714,49250,24,1,0
29,65651,8,803,35972,36,1,0
37,94533,9,602,60637,24,5,1
20,88424,8,557,93559,24,4,1
49,72309,6,687,45458,36,1,0
22,100000,8,617,40177,12,4,1
31,92766,13,679,58940,36,1,1
28,87724,8,621,84877,24,2,1
27,86923,5,512,100880,36,3,1
24,100000,6,595,63047,12,5,1
30,60046,17,697,34571,12,2,0
39,80101,18,659,40465,36,2,1
27,79958,10,780,62288,36,0,0
32,95469,0,633,113302,36,3,1
24,88622,2,587,68735,24,2,1
29,100000,5,607,58586,24,2,1
36,70918,14,708,48928,12,0,0
25,89055,5,626,71181,36,3,1
38,100000,6,534,83558,36,2,1
57,100000,3,560,103099,36,2,1
44,64525,19,782,39058,36,1,0
36,63275,8,670,47374,36,0,0
34,91050,9,650,97165,24,4,1
25,74545,19,629,52635,12,1,0
44,67624,8,476,99212,24,6,1
26,100000,9,538,99358,24,4,1
50,78095,12,764,42347,24,0,0
51,100000,5,596,67985,36,2,1
55,86241,8,566,56860,24,4,1
58,79216,16,737,60847,24,2,0
48,81863,17,739,43006,24,1,0
24,100000,5,595,58057,36,4,1
50,76233,14,690,43753,12,1,0
48,76637,16,714,71143,24,0,1
42,91047,7,564,73507,12,2,1
55,74416,4,579,119713,12,2,1
43,100000,7,547,114254,12,2,1
27,98774,7,505,89560,12,3,0
40,74775,6,600,51103,12,1,0
47,68870,13,752,49988,24,1,0
31,84653,11,684,48648,24,1,0
59,92239,2,576,90021,36,4,1
27,100000,5,599,87831,12,5,1
52,54564,7,600,49209,36,2,1
39,75283,19,680,47757,12,0,0
39,53067,10,657,58523,24,1,0
30,84169,7,578,84905,36,7,1
48,100000,2,594,92108,36,2,1
63,75881,6,710,52478,24,2,0
28,95775,5,504,92915,36,2,1
46,96478,4,650,67042,36,2,0
48,100000,8,557,73965,36,4,1
63,68971,6,768,29401,24,1,0
27,74453,19,723,47152,24,2,1
48,89345,2,650,100370,36,2,1
33,89564,0,581,84769,24,3,0
53,100000,6,625,109692,24,4,1
35,57303,17,624,64483,24,0,0
22,100000,6,535,96185,24,2,1
55,51490,6,698,41105,36,1,1
55,90743,7,638,40033,12,4,1
38,94867,7,587,70680,24,5,1
41,100000,2,538,93717,12,6,0
45,100000,3,613,115890,24,5,1
52,55662,8,749,59479,36,0,0
25,77029,5,592,62890,24,5,1
63,78376,14,689,33299,36,2,0
45,76767,13,718,51754,36,1,0
36,59046,12,635,58922,24,0,1
37,88207,10,702,50747,24,0,0
50,84975,8,504,64514,36,5,1
41,66394,16,758,48256,24,0,0
29,100000,7,602,52706,12,5,1
59,58064,7,600,53390,12,0,0
27,86599,5,699,45293,36,1,1
55,68561,13,690,54842,24,2,0
39,94541,9,613,111782,24,2,1
37,77528,5,715,41381,12,2,0
52,63500,19,674,41444,12,0,0
20,97895,4,569,94735,24,3,1
43,69103,10,721,40177,36,2,0
30,42875,9,763,46560,24,2,0
52,100000,3,626,91424,36,2,1
33,99362,6,650,85834,36,2,1
37,100000,0,584,55443,12,5,1
55,58145,12,712,50469,24,0,0
36,87048,7,563,75692,36,7,1
30,77461,7,650,58065,24,0,0
28,73120,17,652,33595,36,0,0
27,100000,4,643,89016,36,3,1
46,74446,9,720,63740,12,2,0
34,100000,4,560,76563,36,3,1
27,93668,6,521,87837,36,7,1
30,72638,7,720,64751,12,1,0
52,64655,13,684,49642,24,2,0
47,71491,12,683,59197,24,1,0
44,100000,9,499,91114,24,5,1
50,100000,7,570,75548,36,6,1
37,63537,11,716,48439,36,0,0
60,74575,14,765,58826,12,1,0
53,69540,4,619,113714,24,6,1
54,100000,2,489,74683,24,3,1
44,96490,6,624,76477,24,2,1
41,100000,6,565,78053,24,3,1
54,64632,16,647,51323,24,2,0
37,76401,11,635,50647,12,1,0
44,69698,10,737,45655,12,2,0
30,84441,17,850,46395,24,1,0
59,90799,14,765,39885,12,1,0
59,53944,11,671,45480,24,2,0
35,100000,5,639,104241,24,2,1
64,74637,6,721,40289,36,1,0
39,97593,3,637,85289,12,5,0
44,70432,18,774,34222,12,1,0
30,80946,9,557,64583,24,3,1
50,86413,4,496,80122,24,3,1
47,71490,13,725,40310,12,1,0
35,92122,2,596,92377,12,5,1
40,95861,2,618,92371,36,2,1
31,100000,7,637,96371,36,6,0
36,66783,17,772,36416,36,0,0
58,81799,7,555,89782,36,2,1
57,100000,3,560,72775,24,4,0
37,100000,0,596,77194,12,7,1
45,97581,5,616,92731,24,3,0
59,57497,14,826,38190,12,2,0
28,79522,5,693,30386,36,2,1
55,93677,7,470,130063,36,4,1
53,100000,2,650,64433,12,7,1
38,69898,14,742,50337,36,2,0
35,66016,8,785,32110,36,1,0
48,100000,1,518,52783,24,2,1
53,63570,15,611,42956,24,2,0
38,100000,1,595,113485,36,5,1
26,100000,5,491,69343,24,6,1
32,100000,1,530,62835,24,2,1
53,53737,14,654,40093,24,0,0
53,75485,7,740,61256,24,1,0
61,81715,11,737,66019,12,0,0
26,71380,17,683,32344,24,2,0
42,80785,7,557,54451,24,5,1
26,85993,1,576,138282,12,3,1
57,79748,8,676,57862,12,0,0
62,90283,6,755,66804,24,0,0
60,74873,11,621,47198,24,2,0
44,70965,10,667,52879,12,2,0
55,74213,19,781,44200,12,0,1
39,66386,9,775,57706,36,0,1
25,70285,16,738,50571,36,1,1
34,100000,0,507,104646,24,5,1
27,85001,4,650,89734,12,3,1
37,70476,12,805,54346,12,0,0
59,100000,8,519,66303,36,4,1
22,71364,0,523,42340,24,2,1
36,83252,9,705,48098,12,0,0
52,64071,16,669,43631,36,1,1
37,100000,8,487,49848,12,4,0
62,71459,6,693,43379,36,0,0
42,79782,12,668,36357,36,2,0
20,100000,1,479,67163,24,4,1
40,67992,18,681,49650,12,1,0
64,89497,9,633,33873,36,1,0
57,82301,12,695,34056,12,0,0
59,81346,0,638,50195,12,3,0
61,50488,10,632,46303,12,2,0
31,74027,17,694,45980,12,2,0
28,71628,1,479,53769,12,2,0
62,67462,7,715,44030,36,0,0
50,69687,7,512,103371,12,4,1
20,100000,0,599,53351,12,3,1
48,98741,5,628,51611,12,4,1
55,100000,0,650,94679,12,7,1
32,87042,7,535,67484,12,4,1
44,100000,7,540,51504,12,2,1
26,85687,5,716,57132,36,0,0
21,100000,7,572,103943,36,2,1
53,100000,3,505,88121,24,3,1
56,59406,15,771,51544,24,0,1
27,100000,3,569,80286,12,6,1
32,68447,7,594,80268,24,2,1
55,90425,6,467,58359,36,4,1
64,72098,11,668,35519,12,1,0
29,93685,6,658,57912,36,2,0
50,100000,5,562,59308,36,5,1
61,65236,17,716,48410,24,0,0
29,44706,5,672,57614,36,1,0
30,100000,6,561,75148,36,7,1
37,56735,14,719,42398,12,0,0
22,83898,8,572,41776,24,2,0
59,73293,9,777,43530,12,2,0
42,91737,18,714,46135,24,2,0
51,100000,6,608,57810,12,3,1
34,79507,15,707,50373,24,0,0
31,98019,1,650,90848,12,3,1
30,71329,13,738,39065,12,1,0
55,100000,6,611,59688,36,3,1
39,74188,19,649,39064,24,0,0
40,100000,0,545,72348,36,2,1
34,92079,7,503,98308,36,2,1
38,100000,1,650,84313,36,6,1
36,58133,18,669,56894,24,2,0
41,100000,9,640,60699,24,3,1
43,80582,8,575,90518,12,4,0
49,65223,16,740,60578,24,0,0
45,70388,12,648,53456,36,0,0
36,71017,17,654,48225,24,0,0
29,76735,8,707,47590,36,2,0
55,100000,8,650,75971,24,7,0
25,82756,18,763,64501,36,1,0
57,90168,13,815,60967,24,1,0
56,83566,5,672,39937,36,1,0
60,84280,5,768,43370,12,2,0
35,71086,15,670,55839,24,2,0
31,77348,6,712,60118,24,0,0
36,68604,16,700,39796,12,0,0
52,61427,13,659,79207,24,2,0
33,69723,12,736,45648,12,1,0
47,77323,7,606,91897,12,6,1
55,100000,8,614,93984,12,3,1
41,87157,12,600,37544,36,2,1
61,74490,7,617,55513,36,2,0
58,65801,10,606,50082,24,1,0
46,76379,18,692,60482,12,2,1
44,85788,4,554,69224,36,7,1
26,68985,1,486,91418,36,4,1
35,100000,9,574,98693,24,7,1
59,83782,18,740,45636,12,0,0
29,55880,17,643,45703,36,1,1
55,100000,1,549,63706,12,6,1
25,100000,5,561,86731,24,4,1
35,76326,9,636,56474,24,1,0
55,90204,9,611,43457,36,0,0
64,73037,7,783,51291,24,0,0
49,85236,10,788,54711,12,0,1
41,100000,6,515,97028,36,4,1
40,70766,17,665,72562,36,1,0
46,100000,1,557,85040,12,2,1
29,81092,19,649,38790,24,1,0
41,83694,15,640,62543,24,0,0
48,92184,7,775,68830,24,1,0
45,94154,2,604,126112,12,2,1
57,65103,10,713,41710,36,0,0
53,100000,7,574,82796,12,3,1
58,64537,16,600,57626,36,1,0
37,100000,9,571,67415,12,4,1
63,53693,10,753,41352,36,1,0
54,76938,10,738,48465,12,0,0
53,100000,4,579,101092,12,4,1
35,100000,2,563,58083,24,4,1
33,100000,9,598,77293,36,5,1
51,96553,2,564,75308,12,7,1
26,83568,11,756,44796,36,1,0
27,100000,9,540,55410,36,6,0
56,95637,2,508,23961,12,4,0
27,83548,5,658,55555,12,1,0
52,67517,19,664,65730,36,2,1
25,65179,7,666,39413,36,0,0
48,100000,0,531,57653,24,7,1
48,83028,5,584,100740,36,2,1
30,78967,6,518,86101,24,5,1
25,69602,12,732,54180,12,1,0
36,74094,7,723,42457,12,2,0
39,95697,3,585,106022,24,6,1
26,100000,1,563,91676,12,4,1
28,100000,0,650,122336,36,2,1
50,70915,19,668,46443,24,1,0
26,65836,1,625,82468,36,2,0
32,72783,10,714,38835,12,0,0
45,83482,9,828,59907,24,0,1
61,66202,19,630,55422,24,1,0
53,78024,19,657,49563,36,1,0
44,58367,5,713,54826,36,0,1
44,73001,5,656,41264,12,1,0
34,96132,7,509,92299,24,7,0
50,100000,1,491,81317,12,2,1
45,100000,2,598,115296,12,2,1
46,67526,12,779,39083,24,1,0
41,36115,19,675,45003,12,2,1
61,67558,9,700,36714,36,1,0
56,100000,7,581,90138,12,7,1
37,100000,8,570,65703,12,3,1
38,66611,12,689,60259,36,0,0
60,58548,9,717,63969,36,2,0
28,100000,0,585,79734,24,7,1
33,78360,12,666,66935,24,0,0
21,100000,5,608,83857,36,3,1
35,100000,9,557,106454,24,2,1
21,71990,7,530,95063,24,3,1
23,100000,1,511,49317,36,2,1
33,66975,18,692,54575,12,1,0
56,52590,14,737,66916,12,0,0
58,96500,5,593,25191,36,4,1
38,77778,8,604,131455,36,4,1
39,100000,9,483,77505,24,5,1
62,72781,18,759,36062,12,0,0
44,48759,11,651,63491,12,2,0
46,81016,7,653,64447,24,1,0
52,100000,0,545,95663,12,2,1
48,56572,10,739,30335,36,0,0
39,71103,5,602,111788,36,5,1
43,100000,6,530,82333,24,2,1
28,73518,1,556,82746,36,7,0
59,57998,11,757,50604,12,2,0
28,74270,8,540,115633,12,5,1
31,71205,16,608,41801,12,1,0
26,100000,5,531,79195,12,4,1
29,77840,18,785,56820,12,1,0
32,74575,5,761,42076,24,1,0
49,63091,16,771,60063,24,2,0
46,93858,1,606,91116,12,3,1
42,100000,9,526,98997,12,4,1
30,61195,19,687,57076,24,0,0
36,100000,8,513,85500,36,2,1
48,78619,6,714,32305,36,1,1
39,85265,1,568,87753,36,7,1
41,100000,8,587,58683,36,2,1
45,92959,6,543,70846,24,3,1
36,100000,4,558,99409,12,5,1
37,65489,5,705,39967,24,2,0
40,75988,8,558,84150,12,2,1
49,71837,17,666,41894,12,0,0
48,100000,2,621,64487,12,2,1
35,92010,8,598,87723,36,2,1
23,91930,8,509,83588,24,4,1
43,98959,6,525,45621,12,5,1
34,90382,1,633,68663,36,3,1
56,69916,3,590,87398,36,5,1
27,62601,7,667,60423,12,0,0
53,77869,11,749,39751,36,1,0
45,69181,12,714,35514,36,1,0
26,75221,2,562,87999,12,3,0
49,95585,5,587,111982,24,5,1
49,69584,15,796,28931,12,0,0
31,72740,8,733,58420,24,1,0
59,76808,4,491,60695,36,2,1
29,65879,5,682,59096,24,0,0
45,100000,4,620,91581,12,7,1
29,100000,3,517,66937,36,3,1
33,94546,3,612,56049,12,2,0
49,72835,16,714,51285,36,0,0
56,94947,4,618,66430,36,3,1
58,100000,0,500,103967,36,2,1
64,60565,12,683,51316,12,2,0
57,65356,14,654,44088,36,1,0
39,57586,8,721,76779,24,1,0
60,70631,14,685,46250,36,1,0
44,82618,9,600,46842,12,1,0
30,100000,6,585,52309,12,2,0
31,90423,2,536,83146,12,2,1
37,100000,3,566,60877,12,7,1
46,94264,4,650,88685,12,6,1
32,100000,3,576,85119,12,2,1
57,64581,15,681,49760,36,0,0
40,78640,3,601,44562,24,2,0
37,82081,7,566,59504,36,2,1
52,76926,10,638,42993,24,1,0
32,64165,17,697,51845,12,2,0
38,100000,9,503,126452,24,3,0
47,100000,9,595,111337,36,2,0
56,96448,2,521,69174,12,7,1
48,100000,9,600,76758,36,3,1
56,94172,8,590,59472,36,4,1
57,71740,16,711,51308,36,1,0
50,66936,9,675,52423,36,1,0
48,77598,6,583,77456,36,7,0
42,100000,7,525,102468,12,4,1
50,65417,11,639,62923,12,1,0
57,51078,13,753,48907,12,0,0
29,84760,3,621,112330,12,5,1
20,100000,2,597,98438,12,2,1
25,90688,1,582,87593,36,2,1
35,92725,2,630,95627,24,7,1
36,72929,5,720,33301,12,2,0
22,91566,5,630,98661,12,7,0
62,65258,7,715,42782,12,2,0
23,100000,3,501,62405,24,5,1
28,60629,6,704,36080,12,2,0
33,92555,5,562,50552,12,4,1
59,65841,19,691,49261,12,2,0
50,64668,11,686,54912,12,0,0
48,100000,9,575,96218,24,3,0
36,100000,6,650,71285,36,4,1
27,69757,12,784,61668,36,2,0
25,100000,6,555,70893,24,3,1
28,100000,5,569,100016,24,2,1
50,61713,12,732,60024,12,2,0
49,56900,5,705,26025,24,1,0
52,100000,2,558,64999,24,4,1
55,99909,9,626,54523,12,7,1
58,100000,0,610,91821,36,6,0
64,78460,11,705,33811,12,1,0
36,71965,18,710,55677,24,2,0
26,100000,7,609,92714,36,7,1
34,100000,5,606,90336,12,2,1
35,100000,3,650,73792,12,3,1
27,95018,3,619,73100,24,5,1
23,100000,9,632,79248,12,5,1
42,100000,4,543,72480,24,3,0
59,100000,4,590,82470,36,5,1
51,69310,16,709,58415,36,2,0
20,100000,5,625,64060,24,2,1
21,94489,1,574,66813,12,7,1
33,73023,7,726,60195,24,2,0
38,79903,6,777,51129,36,0,0
48,74667,17,718,69810,24,0,0
62,64209,13,682,31656,24,2,0
38,95496,1,629,90736,12,2,0
56,84758,7,742,45742,12,1,1
37,100000,3,551,80632,36,2,0
56,100000,8,503,58953,12,2,1
48,72272,6,686,39258,12,0,0
57,98674,5,580,47847,12,4,1
49,60706,19,688,42338,36,1,0
43,75377,8,643,55387,12,1,0
38,48261,19,603,52429,36,1,0
24,100000,2,620,92887,12,6,1
56,73611,11,667,51552,12,1,0
33,84867,16,659,49848,36,0,0
50,62863,5,698,43345,24,1,0
37,54555,17,600,39366,24,1,0
51,79170,4,512,63312,24,7,1
29,76388,16,677,54412,24,2,0
26,78863,14,733,57534,24,1,0
33,85212,4,538,100554,12,4,1
28,100000,8,595,77334,36,2,1
26,100000,7,650,105046,12,6,1
41,73515,17,732,61211,12,0,0
46,100000,7,611,92800,12,7,0
51,100000,0,556,76997,36,3,1
35,100000,6,650,98355,24,4,1
23,54532,8,505,82403,12,5,1
26,100000,9,568,56140,24,6,1
38,99771,5,542,76874,12,2,1
53,89661,3,516,93462,24,7,0
50,64333,13,678,46420,12,0,0
34,62963,12,680,55290,36,0,0
59,72914,8,777,65530,12,1,0
26,100000,5,649,68060,12,2,1
29,99159,0,530,77728,24,3,1
47,85814,3,650,53847,24,2,1
61,67205,19,752,56373,36,2,0
20,100000,4,582,94065,24,4,1
34,62004,17,710,57041,24,0,1
41,80051,12,656,45399,12,0,0
47,85328,8,610,101308,36,5,1
20,100000,9,578,72814,36,6,0
58,64473,13,649,38838,24,0,0
25,100000,5,547,64787,12,7,1
30,66434,12,746,53379,36,2,0
49,93243,0,589,67719,36,2,1
29,54433,19,687,55218,24,1,0
41,53891,15,700,40547,12,0,0
49,76366,7,648,57018,12,1,0
25,75395,9,820,41418,36,2,0
36,65080,19,675,45833,12,2,0
48,96353,7,562,92511,24,2,1
53,61850,8,662,58602,24,1,0
26,71034,6,752,35947,36,0,1
41,75086,15,701,62831,12,1,1
34,74220,10,671,50567,36,1,0
58,81646,5,522,64579,24,5,1
54,78405,10,600,65960,12,0,0
40,99462,13,600,44356,12,1,0
28,83477,8,544,67982,36,3,0
52,75560,13,747,54653,12,2,0
44,100000,9,546,78337,24,2,1
56,83169,12,748,57849,24,1,0
26,85333,0,632,93941,36,4,1
43,100000,8,576,82970,24,3,1
50,80019,7,698,57960,36,2,0
61,70142,6,745,43685,24,1,0
53,70999,11,679,54151,12,0,0
28,69209,9,667,47062,36,1,0
61,86326,6,737,57070,24,2,0
64,72869,14,689,49429,36,0,1
35,66294,10,801,35929,36,1,0
53,51532,10,680,47032,12,1,0
63,57826,10,655,31867,36,2,0
24,84493,2,575,68507,12,3,1
41,79123,6,732,58699,36,1,0
22,100000,8,582,95308,24,6,0
21,92515,5,521,51865,12,7,1
39,70233,9,710,45924,36,2,0
45,72515,9,736,30647,24,1,0
52,52804,16,709,51102,24,0,0
35,100000,0,643,100934,12,4,1
56,82151,5,708,55957,12,2,1
32,79582,15,675,58669,24,2,1
38,80399,6,763,21565,12,1,1
33,62579,11,705,53061,36,1,0
63,52194,13,697,50124,24,0,0
42,66929,5,715,64345,12,0,0
40,100000,1,596,99838,12,3,1
30,100000,0,469,90038,24,2,1
37,83187,4,555,63436,36,2,1
36,100000,9,592,86299,12,4,1
25,100000,0,563,66863,24,7,1
55,62792,12,728,39019,36,0,0
39,100000,0,507,73780,24,4,1
57,64127,14,622,63091,36,1,0
45,100000,6,552,87849,24,2,1
49,64634,4,556,84282,24,5,1
29,69334,12,690,47543,24,1,0
45,100000,1,520,83964,12,4,1
36,100000,2,561,78950,12,7,0
64,66804,5,737,40558,12,2,0
47,55738,9,733,39088,24,1,0
35,88996,9,627,72922,36,2,0
48,71357,6,520,82415,36,7,1
47,88229,3,606,104856,24,4,0
32,100000,0,585,97098,12,7,1
56,100000,5,573,73289,12,2,0
32,75697,16,682,58830,12,1,1
35,100000,4,625,52498,36,5,1
48,94538,11,657,39370,12,1,0
35,65590,7,639,57804,36,7,1
34,100000,6,603,75006,12,2,1
34,100000,5,599,84538,12,6,1
64,52949,13,648,31730,36,2,0
57,76225,17,768,55024,36,2,0
38,100000,0,581,92348,36,5,1
23,100000,7,650,73958,36,5,1
42,63045,18,814,58181,24,0,1
44,61117,7,631,61056,24,0,1
28,46644,8,730,50889,36,0,0
52,80231,19,788,58408,24,2,0
57,90491,13,707,34596,36,0,0
32,64095,13,660,42113,12,1,0
43,68459,13,720,50190,36,2,0
57,89510,7,604,38557,12,4,1
34,79229,12,645,49578,24,1,0
27,93636,11,725,35634,12,2,0
22,93774,5,605,67778,12,3,1
57,81602,19,687,60089,12,2,0
50,94709,8,537,82330,36,6,1
58,77159,0,601,78127,36,2,1
57,69367,10,659,58981,12,2,0
32,100000,2,636,71906,24,2,1
59,67788,10,764,50385,12,2,0
51,67415,11,733,64981,12,0,0
53,63422,5,763,64444,12,1,0
28,86442,2,482,66358,12,5,1
39,83108,6,565,83643,12,3,1
25,67259,10,772,36444,36,1,0
64,59233,14,702,48704,36,1,0
36,100000,7,558,67449,24,4,1
46,86207,15,797,53824,12,1,0
56,77116,13,741,43309,36,0,0
38,100000,0,567,69167,24,4,0
32,57064,17,743,43773,36,0,0
32,69591,8,718,16604,24,1,0
35,100000,5,600,97711,12,3,1
38,86896,10,709,55947,24,1,0
54,62189,8,778,52148,12,1,0
43,100000,2,608,89456,24,2,1
43,64447,11,673,55095,24,2,0
24,97989,1,603,54740,12,7,1
26,75410,17,699,37358,24,2,0
56,100000,5,594,101125,12,4,1
23,100000,2,591,84078,36,5,1
40,85683,0,524,90313,24,2,1
32,95574,5,589,110896,36,3,1
27,99081,3,628,128031,12,6,1
49,100000,4,609,55552,12,3,0
26,86682,1,650,97898,36,2,1
58,73016,17,763,42898,24,1,0
20,93737,6,519,96798,24,6,1
53,65838,11,723,49874,36,0,0
30,67671,17,600,29809,24,0,1
48,76162,18,656,50759,24,0,0
54,97988,6,579,76426,36,6,1
35,98855,4,564,107816,36,7,1
45,71948,11,682,59214,36,0,0
30,79621,11,710,42981,36,1,0
21,100000,3,565,113529,24,3,1
41,63849,7,677,51786,24,2,0
60,87492,7,666,39893,36,0,1
42,53509,9,809,64612,24,1,0
61,66539,16,709,57632,12,0,0
29,72470,11,704,49583,12,0,1
61,67843,8,743,58657,36,0,0
51,87472,1,614,69802,12,4,1
57,75778,13,690,27570,36,0,0
28,92076,8,611,64035,36,2,0
28,79093,8,708,46894,12,0,0
28,61088,15,715,44794,36,1,0
31,100000,3,650,81980,36,7,0
37,63791,10,743,74007,36,2,0
41,64600,19,747,60829,36,1,0
62,79810,9,632,41852,12,2,1
63,49147,13,644,48022,12,1,0
46,89891,5,555,66746,12,4,1
51,100000,8,600,99852,12,2,1
51,62030,6,700,50435,36,0,0
56,87509,5,511,116960,36,6,1
57,75513,14,734,37168,12,1,0
30,66355,13,780,30109,12,2,0
37,55628,8,751,45673,36,2,1
59,73424,18,726,57504,12,1,0
27,85976,9,603,86376,36,7,1
52,83161,8,597,79642,12,4,1
32,59417,9,775,40871,24,1,0
46,50954,6,626,47257,24,1,0
27,74597,7,580,63614,36,4,0
25,61418,14,710,56570,36,2,0
61,68243,13,760,47685,12,2,0
32,71664,9,657,43086,36,1,0
22,100000,1,613,63995,12,2,1
45,100000,7,519,84548,36,4,1
30,77679,9,658,45366,12,1,0
56,77574,7,763,55243,36,2,0
34,90348,2,646,95981,12,4,1
47,68387,17,645,68832,36,0,0
49,100000,3,622,60452,12,4,1
63,72980,15,690,62197,24,1,0
52,88376,8,497,58536,12,2,1
35,100000,1,530,46625,24,4,1
36,69804,0,545,93019,12,4,1
26,53542,14,721,55073,12,0,0
63,73251,7,609,55623,12,2,0
56,73575,6,687,54602,24,2,0
36,91558,16,674,55623,12,0,0
44,64187,18,627,37558,24,2,0
40,100000,5,573,100939,24,2,1
45,97209,7,629,70860,24,5,1
53,100000,3,485,55096,12,2,1
50,91909,2,614,71223,36,3,1
50,95386,6,551,78114,36,4,1
64,72299,15,823,44623,36,2,0
32,100000,8,650,72659,12,6,1
37,84385,11,704,65833,24,1,0
41,100000,3,519,49048,36,5,1
58,63513,9,612,54314,12,1,0
52,75198,8,615,58624,24,1,0
58,100000,9,592,93769,24,4,1
43,96653,1,563,79581,24,4,1
26,61444,17,795,39698,36,0,0
29,85802,14,683,59241,12,1,0
58,59775,17,692,53140,36,1,0
25,100000,2,496,93735,24,3,1
43,52213,16,767,36147,36,1,0
45,99868,7,613,93713,24,5,0
59,77527,15,638,51779,12,2,0
53,60088,18,605,40342,24,0,1
26,92708,15,750,39245,12,1,1
23,96100,8,635,89094,12,4,1
50,100000,1,610,95623,12,3,1
59,66706,5,661,49608,24,1,0
50,66703,7,612,49110,12,2,1
22,100000,9,530,92628,12,6,1
29,78977,3,587,77067,36,4,1
63,81430,8,703,62743,12,1,0
56,100000,5,650,68946,12,4,0
45,99546,3,600,72407,36,3,1
48,100000,5,563,86572,24,2,1
57,93675,5,601,118149,24,4,1
38,69479,1,474,96453,24,3,1
54,99371,8,530,76140,24,2,1
56,61313,14,600,50090,24,0,0
28,76459,11,679,41012,12,0,0
59,62179,16,715,32436,36,0,0
50,100000,1,619,88405,12,3,1
49,100000,9,578,40463,36,5,1
45,100000,6,649,66974,12,2,1
41,65115,2,650,52364,12,6,1
21,100000,2,578,99530,12,5,1
52,69123,15,673,54710,24,0,0
50,72341,7,775,51103,24,1,1
49,55132,16,721,60620,24,1,0
46,100000,1,574,30176,24,7,1
40,71634,5,700,54855,36,1,0
47,56886,18,694,55020,12,0,0
64,63926,7,701,35579,36,0,1
23,74042,0,595,82449,12,5,1
20,98784,0,572,93087,12,7,1
43,66371,4,647,73741,36,2,0
30,100000,2,608,86505,24,6,1
47,100000,1,546,60028,24,7,1
56,67749,9,664,32239,24,0,0
31,74331,13,742,73070,36,0,0
33,75525,8,738,50688,12,0,0
58,90940,8,613,48700,36,2,1
60,76898,18,735,57303,24,2,0
45,100000,3,636,110492,24,4,1
52,90836,0,632,110322,12,5,1
31,100000,9,588,79170,24,5,1
48,78316,18,684,55657,24,0,0
34,83801,8,559,73657,24,4,0
54,83102,0,602,88316,12,2,1
43,98365,2,606,117752,24,2,0
44,100000,8,615,78733,24,2,0
52,69238,4,542,32885,12,3,1
32,75532,7,713,57866,24,0,0
27,100000,9,528,91507,36,6,1
29,95296,4,600,68778,12,2,1
59,81634,12,697,44303,12,0,0
26,100000,0,574,75442,36,5,1
51,70889,15,748,53080,36,1,1
37,81710,8,553,70489,12,2,0
53,100000,2,600,96451,24,7,0
52,99854,2,528,110178,12,5,0
36,76890,12,731,50368,24,0,0
64,60847,10,728,60318,12,1,0
42,92016,4,550,86612,12,4,1
61,80286,9,765,74292,36,2,0
61,64713,5,723,33258,36,0,0
54,100000,6,538,94543,12,6,1
60,60939,15,631,66582,12,0,1
24,91489,4,584,87704,36,4,1
29,80826,6,579,103884,12,5,1
29,71108,17,711,49886,24,1,1
36,63179,8,711,61136,12,1,0
59,75067,19,669,61471,12,1,0
43,87298,17,773,49733,12,0,0
26,78168,7,628,73516,36,2,0
26,100000,8,541,69603,36,5,1
46,72304,17,755,43765,12,2,0
32,58192,7,797,57226,36,1,0
40,82287,7,615,84665,12,3,1
51,71709,13,695,37899,12,2,0
26,81659,8,671,49696,12,1,1
48,95928,7,547,96905,36,6,1
29,90000,8,650,99887,36,2,1
29,77689,4,639,97837,36,7,1
52,71293,6,698,35918,24,0,0
52,74323,16,755,57448,36,1,0
27,94607,0,575,51612,24,2,1
26,56651,7,697,44324,12,0,0
54,63514,9,630,63040,12,0,0
64,55197,15,710,37117,24,2,0
41,68762,10,600,55135,36,0,0
27,94266,2,633,77958,36,2,1
54,93654,0,548,84598,12,7,1
54,100940,10,623,43782,12,1,0
63,66453,18,734,44164,36,0,0
59,100000,4,533,88050,24,4,1
53,67636,8,688,61624,36,2,1
31,100000,6,650,53101,12,2,1
48,86327,8,650,104334,24,4,1
49,72771,12,640,32454,24,2,0
26,77501,2,629,84774,24,4,1
37,66261,9,691,45844,24,0,0
32,100000,9,616,65354,24,2,1
58,82981,8,627,37400,36,2,0
57,72306,5,642,59526,12,1,0
35,85586,17,671,58110,36,0,0
28,66809,6,662,61651,12,1,0
55,63107,16,667,31739,36,1,0
29,57810,18,655,43946,36,0,0
60,67496,7,682,42111,12,1,0
30,69261,8,613,85662,12,5,0
49,89596,4,541,89982,36,3,1
31,90390,5,583,62123,12,5,1
57,73224,5,801,39060,36,2,0
32,66107,5,708,41775,36,2,0
30,99023,3,594,105392,24,3,1
29,90825,3,599,61501,12,3,1
61,71151,15,707,50385,36,0,0
41,78771,12,700,72183,12,2,0
63,59006,9,721,65355,24,1,0
47,67549,13,678,58736,36,0,0
29,100000,6,599,85903,12,3,0
43,70330,7,741,39696,36,2,0
50,72434,8,654,41977,36,1,0
38,53880,14,707,47367,12,2,0
49,58115,15,736,62317,36,0,0
57,76314,15,768,39899,36,2,0
59,67802,5,678,50263,12,1,0
38,96370,1,601,73226,24,4,1
44,100000,9,523,77271,12,6,1
40,91588,3,573,66925,12,3,1
50,61715,12,717,54083,36,0,0
26,85046,3,603,82311,36,2,0
43,100000,3,555,68336,24,7,1
30,87468,6,535,76106,12,6,0
25,65007,5,752,60918,12,1,0
21,96791,2,562,92138,24,3,1
56,81366,18,709,48587,36,0,0
54,72602,17,630,60014,36,1,0
55,83247,7,607,106012,36,4,1
48,65905,17,745,38436,24,1,0
36,73167,17,756,51816,24,2,0
54,97126,6,647,83873,24,3,1
54,51317,11,728,55047,36,0,0
48,100000,1,505,100307,24,4,1
25,97314,7,543,85377,36,3,1
40,70503,18,681,41907,24,0,0
38,97886,0,590,107812,24,6,1
29,96416,6,637,83317,36,6,0
25,94244,8,515,62851,36,2,1
38,95713,11,750,46896,12,1,0
46,58057,13,606,54661,36,2,0
44,69501,6,665,45614,12,0,1
43,78748,19,726,55602,36,1,0
28,69471,14,741,47627,24,0,0
54,100000,3,568,65642,24,6,1
35,77479,15,778,62826,12,2,0
42,91885,7,617,91258,36,3,1
49,71492,3,562,57218,12,3,1
35,92585,6,539,68837,24,6,1
24,85464,1,541,76871,24,2,1
22,90705,0,528,107220,12,7,1
26,100000,0,650,97532,24,3,1
59,79398,17,785,40168,12,0,1
25,100000,7,574,46360,24,3,1
48,95254,3,532,69551,24,4,1
47,88106,7,547,42834,24,6,1
23,92295,7,587,85433,36,2,0
35,100000,3,564,103046,12,6,0
49,100000,4,522,90064,36,3,1
47,100000,1,642,78441,24,4,1
52,72733,18,731,58781,24,1,0
40,66766,19,740,62689,24,0,0
25,60994,16,759,49936,12,0,0
52,79058,16,723,44618,24,0,0
51,100000,0,629,56015,24,7,1
62,68611,12,702,62211,36,1,0
23,86880,3,637,86912,24,2,1
28,72382,16,683,47496,36,0,0
25,74933,16,736,39205,36,2,0
57,77704,18,753,53202,12,2,0
55,56877,17,712,53114,12,0,0
57,80426,12,777,60967,36,2,1
47,56412,14,683,47887,24,0,1
58,62825,7,750,55135,36,0,0
43,99317,8,617,55811,24,3,0
32,57842,16,663,51085,36,1,0
59,81665,15,696,46279,12,1,1
31,94449,0,624,66226,36,5,1
51,76173,18,718,35990,36,0,0
46,73164,5,691,51675,36,0,1
42,100000,3,527,63612,24,4,1
40,75152,7,783,29880,24,0,0
57,67992,8,676,53215,36,1,0
28,100000,1,570,76028,24,6,1
22,87612,0,566,102989,24,5,0
42,70941,5,686,51073,12,1,0
28,100000,0,604,90087,24,2,1
58,100000,3,594,45907,36,5,1
43,94408,7,616,88676,12,6,1
34,62146,19,602,35230,24,0,1
29,81381,13,752,56324,12,1,0
55,59047,19,746,59632,12,0,0
36,88089,7,552,60784,36,2,1
53,55379,13,701,29812,12,0,0
57,100000,9,650,71761,12,5,1
52,74321,6,626,45968,12,1,1
47,62820,1,511,111748,36,3,1
20,100000,1,568,100592,12,7,1
55,97432,6,624,70307,36,5,1
34,70636,16,695,38804,12,0,0
32,100000,1,536,58497,12,4,1
63,63726,12,686,40267,24,0,0
55,78132,12,708,45798,36,2,1
51,73178,8,697,40183,24,1,0
42,95880,3,638,73284,12,6,1
30,86188,12,627,39889,36,2,0
29,100000,7,572,88100,24,7,1
24,100000,5,531,88136,24,5,1
44,63176,5,685,58788,12,2,0
33,77090,8,594,79795,24,2,1
61,72973,17,715,45314,24,0,0
26,65519,10,699,45113,12,1,0
63,60834,9,656,52710,12,1,0
44,72561,13,659,56894,12,1,0
28,64362,7,781,54994,24,0,0
30,76977,18,728,46908,24,2,0
64,78125,19,711,41661,12,2,0
34,89126,5,494,54458,24,4,1
40,100000,0,489,50027,12,6,1
50,66405,10,717,47285,36,1,0
31,82075,7,703,59274,36,1,0
45,66831,19,658,57334,12,2,0
58,62308,13,721,58015,12,2,0
39,65812,6,721,40103,12,0,0
33,76888,7,730,32512,12,1,0
53,100000,4,565,86310,36,3,1
38,100000,0,546,72570,36,4,1
31,69652,7,688,50413,36,1,0
44,100000,5,580,74375,24,7,1
50,56033,5,721,47401,12,0,1
56,70447,9,697,71037,12,0,0
64,69128,18,670,65587,36,1,0
55,86100,5,635,37385,36,1,1
38,100000,0,603,58586,12,4,1
57,58068,18,678,55600,12,1,0
33,100000,0,650,43161,24,4,1
36,60240,8,736,60451,24,1,0
51,80145,0,567,80187,24,3,1
46,64926,9,668,54196,36,2,0
54,100000,5,550,88934,24,4,1
61,87014,7,751,74291,24,1,0
57,65104,5,678,40378,24,2,0
49,70130,16,725,48034,36,1,0
48,94892,1,496,76302,12,4,1
25,97008,3,523,72049,12,2,1
39,77730,18,741,54104,12,1,0
32,86605,9,608,67546,24,2,0
25,98144,7,650,88891,24,3,1
31,100000,0,535,74473,12,6,1
52,56120,13,629,59015,24,0,0
64,65647,8,688,63172,12,1,1
53,91157,11,729,46967,36,1,0
33,64962,17,762,47587,24,0,0
59,100000,1,533,62203,36,3,1
32,80304,14,674,54711,24,0,0
31,100000,4,637,66158,24,4,1
63,69966,8,701,37779,12,0,0
46,78920,9,576,66579,36,4,1
25,58255,14,724,30549,24,0,0
44,79454,10,651,39129,36,0,0
39,95126,4,527,112257,36,4,1
54,100000,2,492,73633,36,4,1
31,66330,16,639,46119,24,2,0
45,53706,12,669,45032,12,1,1
40,100000,6,614,108280,12,3,1
32,77319,5,563,81783,12,3,1
59,88116,11,616,40653,36,0,0
47,70490,13,795,61389,24,2,0
36,100000,3,556,52965,24,2,1
31,100000,6,568,75309,24,6,1
63,63725,7,645,56403,24,1,0
25,91381,0,647,87897,24,2,1
39,100000,4,638,94920,36,2,0
52,100000,2,627,71391,24,6,1
39,89540,6,576,59454,36,4,1
25,83673,7,694,56541,12,2,0
52,75068,4,501,107152,24,5,0
54,70600,10,689,51289,36,2,0
36,100000,1,563,59686,36,7,1
30,100000,9,574,71346,12,4,0
27,74428,16,705,65701,36,1,1
34,100000,6,569,101792,36,7,1
26,100000,6,650,80043,24,2,1
46,100000,2,558,84909,24,4,1
43,82789,7,611,81198,12,5,1
50,64370,5,717,55549,24,1,0
39,92989,9,522,87128,12,7,1
42,100000,2,650,91449,12,2,1
38,100000,2,611,83859,12,4,1
64,62056,16,725,44402,12,0,0
62,84761,14,752,49160,36,1,0
52,100000,1,607,82868,24,5,1
26,64885,7,692,46636,24,0,0
38,82222,8,706,54516,24,0,0
62,78034,10,678,32040,36,2,0
44,88277,4,639,56338,36,4,0
55,61168,9,704,45027,24,1,1
54,58808,10,762,53550,36,0,0
20,96000,2,643,96402,12,2,1
50,58926,7,695,58702,36,1,0
29,97178,4,593,86431,12,3,1
50,100000,2,545,38816,36,5,1
40,100000,3,529,119375,36,2,1
56,100000,1,650,68651,36,7,1
43,73501,1,576,84193,12,4,1
44,85987,3,612,85177,36,5,1
35,63096,8,746,55496,12,2,0
47,78847,9,781,52114,24,0,0
44,68919,18,780,56472,12,2,0
42,62839,7,711,46053,12,2,0
38,68939,19,645,61428,24,2,0
27,67947,16,764,49658,36,2,0
42,74550,5,667,63747,12,0,0
38,75451,7,668,63142,12,0,0
39,100000,2,600,72135,36,6,1
27,100000,3,601,85678,36,2,1
35,50813,9,689,56766,24,0,1
24,100000,3,608,78676,12,4,0
25,99184,9,494,103932,12,2,0
34,89231,9,579,70992,24,3,1
39,56862,11,716,44022,36,1,1
43,74838,13,717,50391,12,0,0
30,74253,15,780,22254,12,2,1
31,100000,0,530,74574,12,7,1
44,80999,10,710,38587,24,0,0
56,60775,14,646,38008,24,1,0
46,92461,14,743,59487,24,0,0
48,100000,1,568,79423,36,2,1
48,71202,11,699,35748,36,1,0
36,79336,5,650,60023,12,4,1
24,100000,5,593,63869,36,6,1
49,91128,3,498,73764,12,7,1
28,100000,4,502,111815,24,6,1
61,56146,13,655,30686,12,2,0
32,63136,12,696,43172,36,1,1
29,100000,9,650,94027,12,5,0
63,58221,5,635,39913,36,0,0
55,79267,9,739,48696,36,0,0
46,69026,17,729,52169,12,1,0
42,62567,19,674,37092,24,0,0
59,100000,1,578,71295,24,3,1
50,68955,5,768,57177,36,2,0
48,100000,1,560,61748,12,2,0
54,100000,5,581,93137,36,4,1
26,100000,4,650,65432,24,4,1
32,100000,5,530,86241,24,2,0
20,85496,6,573,95401,24,5,1
52,100000,1,574,104071,36,2,1
23,100000,7,619,54079,36,5,0
27,100000,6,503,91312,36,4,1
37,100000,8,495,99754,36,4,1
58,70058,6,625,54236,24,1,0
31,62840,11,722,53396,36,0,0
46,100000,0,614,100541,12,2,1
54,59894,15,762,52148,24,1,0
53,84594,8,573,103131,12,5,1
27,70248,17,673,45319,36,2,1
50,100000,5,577,61981,24,4,1
42,67784,12,765,52262,36,0,0
53,84549,14,648,47560,24,1,0
35,100000,0,650,88153,36,2,1
39,56990,17,634,58891,36,1,0
58,86940,9,641,86486,36,5,1
48,62209,7,726,40437,24,1,0
55,100000,3,650,78960,12,5,1
59,69483,11,651,40716,12,2,0
32,100000,4,594,106323,36,2,1
46,76061,7,733,52878,36,1,0
29,75180,8,635,49429,36,2,0
35,100000,0,576,88247,36,4,1
35,79804,5,659,57834,36,2,0
52,72105,18,661,45754,36,2,0
24,100000,9,581,69445,12,2,0
56,79702,7,660,44498,12,0,0
54,99865,7,650,106320,12,4,1
20,87811,9,526,75671,24,2,1
46,100000,1,633,74896,36,7,1
34,61750,12,786,44891,24,2,0
41,71449,7,658,48039,12,2,0
43,91098,0,570,70971,24,4,1
49,61291,5,719,44980,24,0,1
26,71420,8,811,59160,36,1,1
57,65244,5,623,39214,36,0,0
20,99574,7,517,61563,36,2,1
39,100000,5,608,93539,24,7,1
39,96250,13,693,47438,36,1,0
58,100000,4,624,87507,24,6,1
40,100000,2,570,78659,36,7,1
42,75230,9,612,73968,12,3,1
49,100000,6,541,105374,12,2,1
56,100000,4,548,81735,36,3,1
38,87647,6,611,71568,12,2,1
38,65727,9,610,46259,24,1,0
38,68413,15,687,40083,36,2,0
30,95746,9,524,78635,12,3,1
40,63275,14,736,68511,12,2,0
21,100000,0,650,84540,24,7,1
20,75098,3,542,75227,24,2,1
54,86894,2,567,71468,24,4,1
57,68256,16,753,63308,24,1,0
26,83679,18,625,44683,24,0,0
59,80728,2,650,67216,24,2,0
44,100000,1,589,81274,36,5,1
56,100000,0,520,50214,12,6,1
26,85168,7,637,51207,24,2,1
64,46958,19,660,58231,12,2,0
43,75034,16,679,42857,36,1,0
62,67607,16,708,40475,36,1,0
26,89141,7,579,68622,24,7,1
26,88186,3,650,82412,24,7,0
35,92504,16,630,40888,12,0,1
46,64328,19,771,40658,24,1,0
33,75227,10,680,43609,36,1,0
56,76181,16,600,52022,24,0,0
43,85211,5,702,40162,36,0,0
44,100000,6,650,85020,36,5,1
40,84667,3,526,87178,24,5,1
48,92804,2,650,83804,24,5,1
45,99664,8,601,85798,36,5,1
56,100000,4,632,81172,36,5,1
44,100000,8,650,89184,12,3,1
53,55997,7,717,41656,36,2,0
46,59110,3,521,106099,36,5,1
28,100000,9,609,59603,36,3,1
25,59555,5,653,48163,12,1,1
25,100000,7,650,60381,36,7,1
30,70577,16,698,45551,24,1,0
32,100000,1,571,42535,12,2,1
27,100000,8,540,87248,36,5,1
64,73939,11,671,56504,36,0,0
46,69816,6,783,50218,12,0,0
36,70240,4,530,61476,24,5,1
23,99668,3,642,77696,24,2,1
34,79948,2,503,88607,36,3,1
36,100000,9,533,72736,36,6,1
33,59287,7,743,22489,24,2,0
38,100000,6,575,64937,36,2,1
50,60262,7,681,31892,24,2,0
29,62669,18,760,49076,12,0,0
40,67692,5,676,51100,12,2,0
50,87167,15,736,59901,36,0,0
38,75510,12,682,42108,24,0,0
53,70615,8,740,59491,36,2,0
37,99150,8,648,66529,36,2,1
37,61061,8,774,49745,12,1,1
53,65397,7,736,46651,12,2,0
47,50475,7,663,61772,12,0,0
23,100000,9,608,70395,36,2,1
33,100000,3,560,84479,24,2,0
47,100000,4,586,85019,12,5,1
59,98646,6,525,46239,24,4,1
48,85096,11,738,42410,24,1,0
60,79515,13,678,42609,36,2,0
34,100000,4,586,50793,36,2,1
41,60129,9,756,45324,24,1,0
21,88465,2,577,82475,12,3,1
26,100000,2,507,83645,12,3,1
32,65354,13,657,62390,36,2,0
42,64216,12,667,34824,24,2,0
23,87664,1,594,87950,24,2,1
64,62467,17,699,25727,12,2,1
48,73669,6,611,42605,24,5,1
56,100000,4,564,105038,24,2,1
62,86293,9,709,31227,12,1,1
42,96950,9,543,89166,12,7,1
45,79505,16,743,42060,12,0,0
48,69498,7,738,63111,12,1,0
57,78822,8,651,51956,36,2,0
50,55937,18,702,61940,24,1,0
54,58093,18,679,49334,36,0,0
38,58055,12,637,43778,12,1,0
25,76918,2,514,64631,36,3,0
30,87024,4,570,89150,12,4,1
27,62908,6,710,45438,12,1,0
34,65876,5,729,50482,24,0,0
31,86479,8,583,108172,24,7,1
30,79742,5,783,56264,12,1,0
33,94303,3,559,83513,12,7,1
30,64529,13,747,62653,24,0,0
29,83467,18,708,35581,24,2,0
34,67252,15,632,42018,24,1,0
47,94830,5,613,89996,36,3,1
60,75553,5,718,66226,36,2,1
61,58578,7,773,42472,12,1,0
20,94801,9,635,61101,12,5,1
59,69031,16,706,49374,24,1,0
36,58039,5,639,61084,12,1,0
56,100000,9,502,90022,24,5,1
56,100000,8,586,55149,36,4,0
50,66159,8,684,47992,24,2,0
52,66055,14,650,37008,24,0,0
23,71879,6,593,82061,12,4,1
33,89587,9,650,85675,24,5,0
60,63695,8,689,33899,12,2,0
38,87322,10,737,54990,24,1,0
57,69583,19,679,60183,12,1,0
31,100000,1,591,99585,12,6,1
53,99947,3,523,109937,24,3,1
34,92305,3,533,63276,12,5,1
42,87742,14,625,58659,36,1,0
50,77657,4,455,105829,24,4,1
42,100000,1,559,91981,24,5,1
58,80835,9,709,49492,12,0,0
38,52273,19,801,54830,12,0,0
33,69242,10,709,66083,36,0,0
61,67441,8,603,54426,36,1,0
37,100000,4,650,92081,12,2,1
26,69690,18,736,47425,12,1,0
25,95640,18,747,40724,36,2,0
23,100000,8,598,53716,12,5,0
34,100000,2,617,105904,12,6,1
29,79434,8,711,46715,12,1,0
42,95686,1,522,68183,24,7,1
26,100000,0,471,79187,36,3,0
38,77323,9,664,45679,24,0,0
43,73980,5,610,101545,24,7,0
50,75128,10,729,44463,36,0,0
31,93264,6,606,130607,36,4,1
45,100000,8,523,84299,24,2,1
34,95047,8,594,95917,36,5,1
40,100000,1,650,54995,12,3,1
36,64923,9,732,40211,12,1,0
57,68090,15,710,40965,24,0,0
29,68810,7,717,43764,36,1,0
40,96768,9,596,80479,36,6,1
32,95528,1,588,77466,24,5,1
45,97226,8,608,83322,24,2,1
47,66297,6,674,48786,24,0,0
48,56369,17,683,59217,24,2,0
42,48461,15,761,69702,24,2,0
64,67002,10,673,51671,36,1,0
63,65062,6,736,44577,24,0,0
29,100000,1,639,47976,12,7,1
25,88438,6,600,74815,36,7,1
37,100000,1,581,81047,24,4,0
22,100000,5,615,62812,24,7,1
52,82516,9,635,40362,24,1,1
21,100000,8,524,95555,36,2,1
52,100000,6,533,116957,12,6,1
45,100000,0,596,54209,24,6,0
43,100000,1,650,81747,36,2,1
29,100000,7,547,70846,24,3,0
57,77122,7,757,57879,12,0,0
56,88469,8,631,98794,12,7,1
52,79444,6,656,51458,12,1,0
37,66491,16,709,45341,12,2,0
50,93899,1,650,77485,12,3,1
44,99505,0,626,30464,24,5,1
38,94875,6,583,68337,12,3,1
49,72592,15,797,34842,24,2,0
38,64332,19,693,50106,36,1,0
28,79317,5,752,51661,24,2,0
23,100000,7,583,106096,12,7,1
29,100000,7,650,56695,12,7,1
41,100000,6,607,117283,24,4,1
44,71069,5,590,111158,24,3,1
44,77718,12,646,42700,36,0,0
32,73800,17,690,60818,12,2,0
21,90289,9,472,91619,12,5,1
48,74560,1,580,82067,36,2,1
30,71884,5,786,44813,24,1,0
63,75059,6,722,43284,36,0,0
51,85809,19,685,52193,12,1,0
20,100000,5,646,90764,24,3,1
55,100000,4,573,57919,36,4,1
32,100000,1,624,83829,12,6,1
58,93553,2,558,60543,12,7,1
28,77930,11,754,50723,24,0,0
38,62403,6,707,40678,12,0,0
25,78770,11,729,46779,36,2,0
42,87972,4,570,56132,36,6,1
35,90389,3,590,88835,36,3,1
28,66792,6,630,53690,12,2,1
33,44217,10,620,53696,24,1,1
38,63240,16,711,48489,12,0,1
34,100000,3,588,62791,24,2,1
57,57777,7,724,42088,12,0,0
43,63392,18,717,62813,12,0,0
31,71513,10,612,46760,36,2,0
45,73779,12,663,40136,24,2,0
57,41937,15,663,55834,36,2,0
60,67614,13,774,51733,36,0,0
64,73388,15,713,46112,12,2,0
32,73031,13,650,52542,12,1,0
35,93348,3,593,102168,36,7,0
55,95942,2,565,81541,36,6,1
60,67822,10,713,52717,24,1,0
48,72309,12,669,26350,24,0,0
62,80261,9,698,63839,12,1,0
50,100000,0,622,105485,24,2,1
33,100000,2,493,83946,24,4,1
45,57650,11,711,61877,36,0,1
36,89188,1,596,94802,24,2,0
33,100000,0,597,69737,24,3,1
57,71021,13,778,42350,12,1,0
50,100000,0,531,80830,12,2,1
45,100000,9,558,82367,12,5,1
53,68579,15,769,50569,36,0,0
41,91694,0,540,72367,12,7,1
35,88569,6,529,123436,12,6,1
35,76055,11,768,50646,24,0,0
59,99339,2,606,103230,24,3,0
56,75186,5,706,56268,12,2,0
41,93316,9,596,65960,24,3,1
59,100000,9,482,82208,12,4,1
48,83829,15,697,59435,12,1,0
63,67193,13,778,46262,24,1,1
48,100000,0,575,82062,12,4,1
32,100000,6,586,82703,36,5,0
61,59413,19,707,40057,12,0,0
60,94298,7,710,53056,24,2,1
43,100000,8,545,89915,36,4,1
27,64015,7,781,52639,24,1,0
54,66398,19,660,33885,12,0,0
25,93605,7,547,70815,36,2,0
25,100000,5,615,63931,24,5,1
28,100000,3,590,70015,24,3,0
59,84045,13,730,69684,36,2,0
51,93555,13,682,44645,12,1,1
43,71614,6,705,49590,12,0,0
54,65759,12,734,44917,36,2,0
63,71410,8,638,43886,24,2,0
50,64573,16,660,41891,24,2,0
62,69615,8,678,46432,36,0,0
35,70261,17,744,40762,36,1,0
63,81296,7,709,43608,24,0,0
43,95124,12,630,34343,12,1,1
55,97384,4,505,105493,24,2,1
44,62395,9,673,34461,12,2,0
24,100000,6,526,88915,36,4,1
60,81984,10,767,46663,36,0,0
49,61209,18,680,41212,24,0,0
32,48430,17,766,41896,36,0,0
39,79352,16,679,63141,36,2,0
42,100000,4,596,82822,36,3,1
47,67031,1,549,71925,24,6,1
37,100000,2,481,74144,24,2,0
32,52912,15,670,30955,24,2,1
31,91878,8,558,90616,12,2,1
49,80730,9,640,25094,12,2,1
50,54905,19,775,61393,24,0,0
32,82861,6,575,84671,24,2,1
46,45448,9,773,55728,24,1,1
27,59540,16,747,39661,36,2,0
29,71109,18,749,38006,12,0,0
61,78521,7,715,43388,36,1,0
41,94332,0,594,70085,36,3,1
25,64801,16,600,64239,12,2,1
63,45314,19,758,57674,36,0,0
41,93332,3,629,64366,36,4,1
56,77696,7,717,40966,24,1,0
22,100000,8,471,93886,36,5,1
48,78074,19,745,31422,36,1,0
28,56672,7,712,40424,24,1,0
44,88337,0,583,83606,36,7,1
21,100000,7,561,74009,12,3,1
34,91761,8,518,80071,36,7,1
63,56233,18,678,48236,24,0,0
47,73744,13,713,56702,24,2,0
22,100000,7,578,80058,36,3,1
62,80188,15,669,62386,36,1,0
57,81225,1,607,48513,24,4,1
28,58757,8,711,44968,12,1,0
45,100000,7,560,78428,36,7,1
27,100000,3,616,37947,12,7,1
51,75027,16,706,46076,24,0,0
25,68072,15,728,42797,36,0,0
59,66011,5,683,56969,12,1,1
33,70638,11,718,61842,36,0,0
51,100000,6,517,110386,36,4,1
59,100000,2,556,101113,24,2,0
21,87826,1,623,76993,36,5,1
35,100000,9,574,73014,36,5,1
47,58883,5,718,36986,24,0,0
30,100000,6,623,71550,24,3,1
54,71379,4,591,53064,24,7,1
48,80947,15,663,32699,24,1,0
32,86012,12,720,39653,36,0,0
57,79472,6,587,85865,24,5,1
42,100000,6,541,87481,24,3,1
26,69345,9,709,43631,12,1,0
53,100000,9,648,69925,12,5,0
42,82119,1,548,75986,12,7,1
43,100000,5,599,84348,24,7,0
55,101419,6,752,38874,12,1,0
35,85681,3,650,72145,36,2,1
25,54439,5,729,23807,24,1,1
44,100000,1,553,57670,36,4,1
56,80481,6,560,55008,12,6,0
49,100000,6,650,78462,24,2,1
52,100000,7,591,97356,36,2,1
53,59046,18,688,51689,24,2,0
24,100000,4,633,89962,36,4,0
54,68413,18,681,42460,24,0,0
32,47281,18,600,59773,12,0,0
43,96557,7,500,99757,36,7,1
59,78018,18,769,68387,24,1,0
51,62816,14,709,45617,36,1,1
52,100000,7,640,97929,24,3,1
36,83883,10,744,45815,24,2,0
47,90448,7,588,94345,12,7,1
38,100000,2,615,123310,12,3,1
26,79280,16,695,46246,12,1,0
28,60894,16,680,40039,36,2,1
50,68981,17,732,37362,36,1,1
45,100000,9,531,79099,36,2,0
48,75643,0,601,71380,36,4,0
48,56953,11,706,57842,36,2,0
20,100000,8,549,100359,36,3,1
46,100000,8,559,69446,36,5,1
58,47060,18,646,61070,24,1,0
56,100000,8,624,64976,24,2,1
45,79654,6,740,37975,12,0,0
51,81249,0,649,90050,36,3,1
25,100000,9,563,68162,24,7,1
38,97194,8,610,97143,12,5,1
29,100000,5,586,89452,36,4,1
28,93040,1,646,92075,36,2,0
58,83341,3,631,84014,24,2,1
28,71951,8,575,77640,24,3,1
34,94963,5,650,77035,24,2,1
61,82551,10,704,27018,12,1,0
36,92239,7,624,88674,36,6,1
61,66922,7,780,46331,24,1,0
60,80530,7,708,58496,24,2,0
40,83930,2,650,74036,36,7,1
61,60916,15,813,60685,12,2,0
24,100000,6,539,25550,24,2,1
62,72364,7,617,57115,36,1,0
38,73695,12,672,56831,36,1,0
51,48806,19,754,49450,24,1,0
33,96968,9,565,104454,24,2,1
43,96252,2,626,38771,24,3,1
47,72790,5,666,53198,36,0,0
45,80025,6,549,51815,36,5,1
45,100000,4,650,82478,12,3,1
33,100000,9,629,57005,24,6,1
59,70876,13,706,63003,24,2,0
45,99381,8,606,98316,12,2,1
29,81852,2,566,57614,36,2,0
47,72474,10,772,54027,36,2,0
45,100000,5,549,41733,24,4,1
47,100000,4,569,95970,36,6,1
26,34317,15,668,47194,36,2,0
25,59511,6,634,50702,24,1,0
50,73752,13,758,43647,24,0,0
31,85341,0,631,116231,12,4,1
50,68280,5,735,67893,36,2,0
39,84746,7,533,70985,24,3,1
35,96246,7,602,123126,24,4,1
25,100000,3,649,63566,12,5,1
35,83971,19,651,45600,12,0,1
49,74174,3,542,87624,12,2,0
24,96559,1,529,77324,12,2,1
54,87079,1,632,77579,24,3,1
32,61260,18,665,70104,24,1,0
49,81256,12,675,48161,36,2,0
27,100000,5,612,75750,36,2,1
38,87921,13,666,32754,12,2,0
33,100000,3,557,102366,24,7,1
55,81263,13,760,72642,36,2,1
58,100000,4,594,75665,24,5,1
22,100000,8,605,84000,24,6,1
29,50258,6,696,45190,24,1,0
56,56587,8,717,53341,36,0,0
24,91824,6,554,45350,24,2,1
28,67645,5,712,63481,24,2,0
53,100000,3,574,116973,36,3,1
29,100000,2,589,81270,24,4,1
54,100000,6,650,90889,36,2,1
57,73745,15,691,41647,12,1,1
60,75038,17,728,61387,24,2,0
30,71961,16,679,47961,12,1,0
31,92158,1,481,102129,36,3,1
30,99696,3,591,90323,24,5,1
34,45835,13,682,67713,12,0,0
32,89843,4,589,98494,24,2,1
30,77179,16,707,49220,12,1,0
49,65190,17,661,38933,24,0,0
43,82837,6,525,74755,12,7,0
54,100000,2,616,56563,24,5,1
35,72977,7,732,40459,12,1,0
33,100000,1,612,80684,36,3,1
29,100000,6,539,82868,12,6,1
40,75711,11,658,54311,24,2,1
37,62821,6,689,51535,24,2,0
28,100000,6,499,74490,24,3,1
37,51780,19,744,36029,36,0,1
29,70281,4,604,58213,24,4,0
49,64100,5,738,58257,24,2,0
40,84543,7,489,104900,24,5,1
56,83478,16,768,49722,36,1,1
55,100000,5,586,102729,12,5,1
22,100000,1,636,83742,12,3,0
33,94680,19,660,41681,36,2,0
52,68816,10,664,53405,12,2,0
54,66105,6,712,56139,24,0,0
52,88844,5,564,71084,36,6,1
50,70351,10,722,50717,12,0,0
40,83885,7,684,53423,24,0,0
23,84149,7,495,59204,24,4,1
35,82219,7,727,62383,36,1,1
51,60496,16,726,76843,12,2,0
54,64051,8,793,33912,24,2,0
24,83181,5,558,90105,36,7,1
29,66465,6,698,28234,24,1,0
50,65757,15,773,69374,24,0,0
43,100000,0,573,110368,12,3,1
53,67818,11,607,49378,24,0,0
31,96125,9,608,101236,36,6,1
26,53407,19,709,48403,24,0,0
60,71696,6,698,63321,24,2,0
52,100000,0,601,58110,24,5,1
59,90282,8,557,86140,24,6,1
55,100000,5,617,107969,36,4,1
25,100000,8,608,51835,12,2,0
24,97068,4,540,82772,12,3,1
24,100000,7,597,73516,24,3,1
31,67542,7,602,77851,12,4,1
45,99836,7,491,73601,24,7,1
40,71462,17,693,50261,36,2,0
35,96138,8,523,79987,36,6,1
35,61411,15,628,58655,24,2,1
38,74273,5,599,70095,24,2,1
35,77440,19,710,46729,24,1,1
52,63981,7,674,44176,36,0,0
53,65046,7,649,51489,36,2,0
27,79501,9,669,38682,12,0,0
39,62778,10,735,49063,24,2,0
50,100000,0,650,65383,12,7,1
34,72452,19,684,58616,36,0,0
54,100000,8,640,77726,12,5,1
57,87682,1,572,85473,24,4,1
49,100000,3,564,69347,36,4,1
40,100000,8,590,62845,24,3,1
52,97087,0,546,91833,36,2,1
28,90980,6,568,44800,36,5,1
42,96642,4,568,70066,24,3,1
48,100000,6,590,80981,36,5,1
64,46753,18,705,68303,24,2,0
26,100000,0,561,70267,24,3,1
34,84715,5,499,49348,12,3,1
32,80461,3,574,76624,12,2,1
20,76700,7,507,91741,36,4,1
42,100000,5,631,94277,24,3,1
56,86205,3,522,58433,24,4,1
42,79530,7,571,95057,12,2,1
54,83695,1,565,54972,36,5,1
56,77893,6,690,41296,24,1,0
40,77334,4,585,78758,36,6,1
27,100000,7,611,80130,12,2,1
41,100000,3,559,90424,12,4,1
22,100000,7,567,56613,36,5,1
26,57750,8,774,42779,12,2,0
47,68564,5,718,51888,24,0,0
35,100000,5,472,80919,36,4,1
48,100000,1,612,69582,36,3,1
48,69312,8,717,31412,24,2,0
54,100000,4,605,90450,12,5,1
36,100000,3,600,70749,36,7,0
29,61622,18,671,51646,12,2,0
56,80457,11,726,31560,24,2,1
46,53684,5,611,54502,12,1,0
50,91481,2,610,58486,24,5,1
23,100000,3,562,85368,36,4,1
27,100000,7,572,68612,24,6,1
36,58218,1,578,75384,12,4,1
51,100000,6,553,74565,12,7,1
50,100000,6,650,75080,36,7,1
56,100000,9,572,120443,36,6,0
46,100000,7,584,80036,24,5,1
29,99740,8,534,69164,24,2,1
50,100000,9,601,106269,36,6,1
51,100000,4,539,98676,12,4,1
45,100000,1,577,75526,36,2,1
28,76805,5,596,97756,12,2,1
48,100000,5,551,110122,36,7,1
53,91407,9,650,82062,36,2,1
46,64574,8,664,75046,12,1,0
29,77329,15,689,64504,36,0,0
26,75581,0,536,100909,12,3,1
44,100000,3,453,86280,36,2,1
52,67294,15,679,46024,12,1,1
45,64694,6,626,57026,24,2,0
43,73948,9,740,39834,24,1,0
39,100000,8,589,120169,12,3,1
25,100000,6,521,54305,12,4,1
47,100000,4,593,59377,36,5,1
50,91326,1,545,120802,24,2,1
41,79014,16,682,54420,12,1,0
46,91675,4,564,99814,24,2,1
41,66969,6,746,47457,36,1,0
23,88731,6,650,45977,24,5,1
59,100000,1,610,74407,24,5,1
33,74182,7,683,71365,24,1,0
43,89765,5,544,111491,24,2,1
32,100000,8,566,117922,24,2,1
59,63761,7,600,56521,12,0,0
46,88936,6,565,81103,12,6,1
33,74723,15,635,36110,12,1,0
21,81275,6,610,108672,24,2,1
37,69047,12,670,51361,24,2,0
47,100000,7,574,59061,12,3,1
36,87145,7,677,50092,36,2,0
34,73416,10,777,43828,24,0,0
33,86550,6,564,63434,12,4,1
20,80717,2,552,50136,12,3,0
41,80117,0,561,65889,12,3,1
46,61249,18,600,54339,36,1,0
42,86780,5,624,81295,36,4,1
21,100000,9,650,50157,24,7,1
43,76409,16,645,49409,12,1,0
40,68991,10,630,47022,12,0,0
60,70100,12,718,57551,12,0,0
61,74331,14,690,52296,36,1,1
52,80750,16,772,55634,36,0,1
26,63130,9,696,50319,36,2,1
34,100000,6,599,80184,12,3,1
37,100000,0,649,49528,36,2,0
29,100000,7,603,37463,24,2,1
46,99785,8,538,49885,12,5,1
41,76312,15,615,46157,24,0,0
37,81564,6,569,112470,36,2,1
52,62996,12,768,59473,24,1,0
35,100000,6,592,80200,36,2,1
32,68312,12,734,61813,36,1,0
22,100000,5,494,58526,12,5,0
49,83743,7,712,29970,24,2,0
26,88930,15,669,53681,24,2,0
58,69801,18,747,58233,12,2,0
30,70297,14,656,46171,12,0,1
42,91159,7,650,100608,36,4,1
24,100000,4,488,82487,24,5,1
63,56887,11,702,60302,24,2,0
40,78051,15,715,31400,24,1,0
38,89902,3,644,103810,24,2,0
34,90952,1,650,83511,36,5,1
30,86755,17,730,63708,24,1,0
34,71527,9,645,52183,12,1,0
30,43527,16,739,61952,24,0,0
60,73715,18,762,53863,36,1,0
54,100000,2,640,94543,24,5,1
33,83497,8,690,47805,36,1,0
59,98190,6,524,85178,24,2,1
25,69029,5,744,44356,36,0,0
50,88402,0,565,88518,24,4,1
43,95188,3,579,70428,12,2,1
25,72105,12,617,53642,36,0,1
43,85673,11,652,53801,36,0,0
43,83844,12,614,56083,24,0,0
27,75658,6,558,84524,36,7,1
50,81722,8,692,46121,12,1,0
32,77397,8,600,58018,36,1,0
30,100000,3,606,81267,12,3,1
49,100000,6,454,51467,24,2,1
20,100000,2,604,49486,24,2,1
56,100000,2,650,116030,36,3,1
27,68109,15,755,53475,36,1,1
48,100000,7,526,91395,12,7,1
23,100000,3,614,102413,24,2,0
42,67380,6,662,52279,12,1,0
34,100000,5,591,76906,24,4,1
39,62294,9,823,47613,12,2,0
50,69206,7,537,100843,12,4,1
27,80517,12,734,57372,24,0,0
54,92505,5,563,83699,24,4,1
57,99287,1,580,32178,24,3,0
60,48784,17,730,48165,36,1,0
58,78802,9,806,52264,36,2,0
28,82974,15,711,46285,12,2,0
47,62377,12,635,60601,12,0,0
42,51386,19,771,62163,12,0,0
34,82277,16,764,52145,36,1,0
43,90638,5,555,99075,36,2,1
59,78269,12,650,62271,36,1,0
40,71542,7,636,45821,24,1,0
48,100000,5,534,103748,24,3,1
35,54373,6,735,48805,36,1,0
35,100000,8,529,73307,24,4,1
30,71544,12,724,54268,12,0,0
55,100000,9,582,98199,12,2,1
34,98786,0,602,78075,36,3,1
23,83382,7,589,84754,36,5,1
48,100000,8,650,85450,36,4,1
37,100000,5,588,63079,12,2,1
34,85376,10,692,54247,24,0,1
25,100000,0,531,78259,12,5,1
55,69328,5,671,35689,24,2,0
23,86412,3,551,117910,24,3,1
27,78627,11,706,63299,36,0,0
32,67390,18,734,77486,24,1,0
40,77295,19,628,54782,12,0,0
57,63411,16,645,64977,24,0,0
44,100000,2,614,109554,24,3,1
51,78544,17,736,59651,12,0,0
36,49733,15,805,57416,36,0,0
53,64837,13,678,51989,24,2,0
47,89121,4,570,33139,24,5,0
33,100000,0,596,52160,24,5,1
23,100000,5,576,67075,36,3,1
38,100000,6,600,63088,12,5,1
49,58899,5,662,56373,24,2,0
38,98268,3,489,121081,24,7,1
32,100000,9,650,42806,36,7,1
25,100000,7,650,111523,36,2,1
43,100000,6,586,72304,36,3,1
47,92419,3,583,39965,12,7,1
27,84121,1,568,98912,36,4,1
22,92567,6,513,87215,24,2,1
60,69801,8,737,61066,36,1,0
33,71098,18,691,49497,36,1,1
39,62693,10,662,25180,36,2,0
60,65979,11,674,47981,12,2,0
29,100000,9,595,74594,36,2,1
26,99662,5,524,80932,12,2,1
45,74161,7,650,105448,24,4,1
44,96794,7,552,100495,36,3,1
29,80156,11,632,41050,12,2,1
24,100000,3,618,75901,24,6,1
54,70811,9,744,42606,24,0,1
52,73904,6,728,51777,36,1,0
48,100000,7,583,84109,36,4,1
49,68021,7,656,57193,24,0,0
48,55001,15,706,57835,12,1,0
48,72461,19,669,63458,24,0,0
46,65430,18,711,63402,12,1,0
50,80288,18,645,45705,36,1,0
46,83079,11,725,57336,24,1,0
48,71025,5,624,83758,12,2,1
48,82845,16,701,48789,24,2,0
29,68530,19,703,49914,24,1,1
26,65565,16,709,73332,24,0,0
62,56427,18,722,50601,24,2,0
54,100000,7,581,68266,24,2,1
59,81225,4,565,85082,36,3,1
48,88689,2,560,36049,24,5,1
55,100000,2,620,110306,36,2,1
39,69973,16,712,56072,24,0,0
27,100000,3,563,73379,24,4,1
35,100000,8,581,73913,12,3,1
22,69067,5,571,66531,36,3,1
27,56024,18,698,70120,12,2,0
53,95556,5,556,109970,12,3,0
62,78864,9,711,39643,36,2,0
48,90333,12,658,45561,36,2,0
41,49880,19,633,54050,12,2,0
48,100000,5,558,90560,12,3,0
34,59265,9,706,48325,24,1,0
54,96292,8,696,41791,36,1,0
42,98595,0,572,44357,36,4,1
51,98524,1,591,62907,36,2,1
40,76180,19,656,47287,12,2,0
57,94010,6,630,83512,36,4,1
63,77072,18,629,51657,24,1,0
43,100000,2,579,96468,24,7,0
37,80019,17,661,54569,36,2,0
51,69251,17,649,50103,24,0,0
59,68669,9,774,42043,12,0,0
45,70826,18,647,69552,36,2,1
36,100000,6,521,86464,12,3,1
28,67004,12,747,48212,24,0,0
49,100000,2,513,120088,36,2,1
62,63621,14,772,42606,24,1,0
55,65156,11,667,51425,36,2,0
54,93537,8,510,85626,12,2,1
63,75221,7,649,32650,12,0,0
61,61520,16,748,36866,36,1,0
25,93746,3,560,88953,36,7,1
29,100000,5,573,64313,36,6,1
58,79372,9,637,39720,12,2,0
31,57617,12,750,73337,24,2,0
55,92477,9,637,96739,24,3,1
48,98847,1,650,59273,36,2,0
47,66767,13,745,41640,12,0,1
26,100000,5,593,74527,24,4,1
33,81870,18,731,40780,12,2,0
43,95233,5,493,72386,12,5,1
38,73446,0,576,69056,12,6,1
32,64925,10,664,40474,12,0,0
24,97662,6,529,93765,36,3,0
48,62196,19,681,40031,12,0,1
44,75554,2,623,64403,24,2,1
34,75877,7,686,42398,36,0,0
39,73142,19,767,59160,24,2,1
36,96219,6,648,91981,12,3,1
57,100000,3,643,84186,36,5,1
22,100000,7,525,115398,24,5,1
57,98241,0,511,68523,12,3,1
48,100000,7,580,47794,24,3,1
34,99341,7,542,63716,24,6,1
34,83268,19,706,46304,12,1,0
39,95786,0,541,54834,24,7,1
36,100000,9,600,70211,36,6,1
